BEGIN_YEARMONTH,BEGIN_DAY,BEGIN_TIME,END_YEARMONTH,END_DAY,END_TIME,EPISODE_ID,EVENT_ID,STATE,STATE_FIPS,YEAR,MONTH_NAME,EVENT_TYPE,CZ_TYPE,CZ_FIPS,CZ_NAME,WFO,BEGIN_DATE_TIME,CZ_TIMEZONE,END_DATE_TIME,INJURIES_DIRECT,INJURIES_INDIRECT,DEATHS_DIRECT,DEATHS_INDIRECT,DAMAGE_PROPERTY,DAMAGE_CROPS,SOURCE,MAGNITUDE,MAGNITUDE_TYPE,FLOOD_CAUSE,CATEGORY,TOR_F_SCALE,TOR_LENGTH,TOR_WIDTH,TOR_OTHER_WFO,TOR_OTHER_CZ_STATE,TOR_OTHER_CZ_FIPS,TOR_OTHER_CZ_NAME,BEGIN_RANGE,BEGIN_AZIMUTH,BEGIN_LOCATION,END_RANGE,END_AZIMUTH,END_LOCATION,BEGIN_LAT,BEGIN_LON,END_LAT,END_LON,EPISODE_NARRATIVE,EVENT_NARRATIVE,DATA_SOURCE
195109,9,915,195109,9,915,,10047282,MISSISSIPPI,28,1951,September,Tornado,C,87,LOWNDES,,9/9/1951 9:15,CST,9/9/1951 9:15,0,0,0,0,0K,0,,0,,,,F2,0.1,100,,,,,0,,,0,,,33.5,-88.43,,,,,PUB
195106,17,2200,195106,17,2200,,10028729,KANSAS,20,1951,June,Tornado,C,63,GOVE,,6/17/1951 22:00,CST,6/17/1951 22:00,0,0,0,0,0K,0,,0,,,,F0,0.7,33,,,,,0,,,0,,,39.07,-100.23,,,,,PUB
195103,28,510,195103,28,510,,10120421,TEXAS,48,1951,March,Tornado,C,225,HOUSTON,,3/28/1951 5:10,CST,3/28/1951 5:10,0,0,0,0,2.5K,0,,0,,,,F1,0.5,17,,,,,0,,,0,,,31.37,-95.6,,,,,PUB
195105,9,1830,195105,9,1830,,10099717,OKLAHOMA,40,1951,May,Tornado,C,33,COTTON,,5/9/1951 18:30,CST,5/9/1951 18:30,0,0,0,0,2.5K,0,,0,,,,F1,0,33,,,,,0,,,0,,,34.45,-98.32,,,,,PUB
195107,15,1620,195107,15,1620,,10099742,OKLAHOMA,40,1951,July,Tornado,C,73,KINGFISHER,,7/15/1951 16:20,CST,7/15/1951 16:20,0,0,0,0,.25K,0,,0,,,,F2,0,100,,,,,0,,,0,,,34.8,-94.8,,,,,PUB
195105,8,1800,195105,8,1800,,10028691,KANSAS,20,1951,May,Tornado,C,203,WICHITA,,5/8/1951 18:00,CST,5/8/1951 18:00,0,0,0,0,.25K,0,,0,,,,F1,0,33,,,,,0,,,0,,,38.38,-101.55,,,,,PUB
195103,30,1500,195103,30,1500,,10104933,PENNSYLVANIA,42,1951,March,Tornado,C,1,ADAMS,,3/30/1951 15:00,CST,3/30/1951 15:00,0,0,0,0,2.5K,0,,0,,,,F1,0.1,20,,,,,0,,,0,,,39.83,-77.23,,,,,PUB
195105,11,1330,195105,11,1330,,10104934,PENNSYLVANIA,42,1951,May,Tornado,C,111,SOMERSET,,5/11/1951 13:30,CST,5/11/1951 13:30,1,0,0,0,25K,0,,0,,,,F2,8,33,,,,,0,,,0,,,40.12,-79.12,40.05,-78.98,,,PUB
195106,27,2204,195106,27,2204,,10104935,PENNSYLVANIA,42,1951,June,Tornado,C,5,ARMSTRONG,,6/27/1951 22:04,CST,6/27/1951 22:04,0,0,0,0,2.5K,0,,0,,,,F2,19.7,33,,,,,0,,,0,,,40.58,-79.25,40.87,-79.18,,,PUB
195107,21,1100,195107,21,1100,,10104936,PENNSYLVANIA,42,1951,July,Tornado,C,15,BRADFORD,,7/21/1951 11:00,CST,7/21/1951 11:00,0,0,0,0,.25K,0,,0,,,,F0,0.1,33,,,,,0,,,0,,,41.8,-76.47,,,,,PUB
195104,29,1815,195104,29,1815,,10082587,NEW JERSEY,34,1951,April,Tornado,C,27,MORRIS,,4/29/1951 18:15,CST,4/29/1951 18:15,2,0,0,0,25K,0,,0,,,,F1,0.5,400,,,,,0,,,0,,,40.9,-74.6,,,,,PUB
195102,19,1830,195102,19,1830,,10099493,OKLAHOMA,40,1951,February,Tornado,C,15,CADDO,,2/19/1951 18:30,CST,2/19/1951 18:30,5,0,0,0,25K,0,,0,,,,F2,7.6,20,,,,,0,,,0,,,35.27,-98.18,35.37,-98.13,,,PUB
195105,3,1335,195105,3,1335,,10039190,MICHIGAN,26,1951,May,Tornado,C,93,LIVINGSTON,,5/3/1951 13:35,CST,5/3/1951 13:35,0,0,0,0,250K,0,,0,,,,F2,2.3,150,,,,,0,,,0,,,42.7,-84.05,42.73,-84,,,PUB
195106,1,1800,195106,1,1800,,10039191,MICHIGAN,26,1951,June,Tornado,C,45,EATON,,6/1/1951 18:00,CST,6/1/1951 18:00,1,0,0,0,2.5K,0,,0,,,,F1,0.5,10,,,,,0,,,0,,,42.75,-84.75,,,,,PUB
195106,26,1800,195106,26,1800,,10039192,MICHIGAN,26,1951,June,Tornado,C,111,MIDLAND,,6/26/1951 18:00,CST,6/26/1951 18:00,0,0,0,0,25K,0,,0,,,,F1,0,33,,,,,0,,,0,,,43.67,-84.33,,,,,PUB
195105,18,1730,195105,18,1730,,10099725,OKLAHOMA,40,1951,May,Tornado,C,31,COMANCHE,,5/18/1951 17:30,CST,5/18/1951 17:30,0,0,0,0,2.5K,0,,0,,,,F1,0,33,,,,,0,,,0,,,34.78,-98.23,,,,,PUB
195105,19,1915,195105,19,1915,,10099726,OKLAHOMA,40,1951,May,Tornado,C,9,BECKHAM,,5/19/1951 19:15,CST,5/19/1951 19:15,0,0,0,0,2.5K,0,,0,,,,F1,0,33,,,,,0,,,0,,,35.33,-99.87,,,,,PUB
195105,19,1930,195105,19,1930,,10099727,OKLAHOMA,40,1951,May,Tornado,C,43,DEWEY,,5/19/1951 19:30,CST,5/19/1951 19:30,0,0,0,0,2.5K,0,,0,,,,F2,2,67,,,,,0,,,0,,,36,-98.95,,,,,PUB
195105,19,2012,195105,19,2012,,10099728,OKLAHOMA,40,1951,May,Tornado,C,9,BECKHAM,,5/19/1951 20:12,CST,5/19/1951 20:12,0,0,0,0,0K,0,,0,,,,F0,0,220,,,,,0,,,0,,,35.43,-99.63,,,,,PUB
195106,5,1800,195106,5,1800,,10099729,OKLAHOMA,40,1951,June,Tornado,C,139,TEXAS,,6/5/1951 18:00,CST,6/5/1951 18:00,0,0,0,0,2.5K,0,,0,,,,F2,0,33,,,,,0,,,0,,,36.53,-101.8,,,,,PUB
195106,6,2130,195106,6,2130,,10099730,OKLAHOMA,40,1951,June,Tornado,C,55,GREER,,6/6/1951 21:30,CST,6/6/1951 21:30,0,0,0,0,.25K,0,,0,,,,F0,0.2,33,,,,,0,,,0,,,34.83,-99.47,,,,,PUB
195106,6,2350,195106,6,2350,,10099731,OKLAHOMA,40,1951,June,Tornado,C,51,GRADY,,6/6/1951 23:50,CST,6/6/1951 23:50,0,0,0,0,2.5K,0,,0,,,,F2,3.8,450,,,,,0,,,0,,,34.7,-97.7,34.73,-97.65,,,PUB
195106,7,1700,195106,7,1700,,10099732,OKLAHOMA,40,1951,June,Tornado,C,141,TILLMAN,,6/7/1951 17:00,CST,6/7/1951 17:00,0,0,0,0,25K,0,,0,,,,F2,0.5,100,,,,,0,,,0,,,34.5,-99,,,,,PUB
195106,7,1815,195106,7,1815,,10099733,OKLAHOMA,40,1951,June,Tornado,C,131,ROGERS,,6/7/1951 18:15,CST,6/7/1951 18:15,1,0,0,0,25K,0,,0,,,,F1,5.7,33,,,,,0,,,0,,,36.45,-95.75,36.48,-95.65,,,PUB
195106,7,2255,195106,7,2255,,10099734,OKLAHOMA,40,1951,June,Tornado,C,101,MUSKOGEE,,6/7/1951 22:55,CST,6/7/1951 22:55,1,0,0,0,.03K,0,,0,,,,F2,0,33,,,,,0,,,0,,,35.57,-95.27,,,,,PUB
195106,8,1830,195106,8,1830,,10099735,OKLAHOMA,40,1951,June,Tornado,C,149,WASHITA,,6/8/1951 18:30,CST,6/8/1951 18:30,0,0,0,0,250K,0,,0,,,,F3,10.9,173,,,,,0,,,0,,,35.38,-98.8,35.33,-98.62,,,PUB
195106,8,1914,195106,8,1914,,10099736,OKLAHOMA,40,1951,June,Tornado,C,71,KAY,,6/8/1951 19:14,CST,6/8/1951 19:14,0,0,0,0,25K,0,,0,,,,F1,0.3,200,,,,,0,,,0,,,36.67,-97.33,,,,,PUB
195106,8,1915,195106,8,1915,,10099737,OKLAHOMA,40,1951,June,Tornado,C,141,TILLMAN,,6/8/1951 19:15,CST,6/8/1951 19:15,0,0,0,0,2.5K,0,,0,,,,F1,0,33,,,,,0,,,0,,,34.37,-98.72,,,,,PUB
195106,20,2320,195106,20,2320,,10099738,OKLAHOMA,40,1951,June,Tornado,C,93,MAJOR,,6/20/1951 23:20,CST,6/20/1951 23:20,0,0,0,0,250K,0,,0,,,,F1,0,33,,,,,0,,,0,,,36.3,-98.18,,,,,PUB
195106,21,1700,195106,21,1700,,10099739,OKLAHOMA,40,1951,June,Tornado,C,25,CIMARRON,,6/21/1951 17:00,CST,6/21/1951 17:00,0,0,0,0,2.5K,0,,0,,,,F1,4.3,33,,,,,0,,,0,,,36.63,-102.78,36.67,-102.72,,,PUB
195107,15,1620,195107,15,1620,,10099740,OKLAHOMA,40,1951,July,Tornado,C,73,KINGFISHER,,7/15/1951 16:20,CST,7/15/1951 16:20,0,0,0,0,0K,0,,0,,,,F0,0,100,,,,,0,,,0,,,34.8,-94.8,,,,,PUB
195107,15,1620,195107,15,1620,,10099741,OKLAHOMA,40,1951,July,Tornado,C,73,KINGFISHER,,7/15/1951 16:20,CST,7/15/1951 16:20,0,0,0,0,0K,0,,0,,,,F0,0,100,,,,,0,,,0,,,34.8,-94.8,,,,,PUB
195107,27,1530,195107,27,1530,,10099743,OKLAHOMA,40,1951,July,Tornado,C,45,ELLIS,,7/27/1951 15:30,CST,7/27/1951 15:30,0,0,0,0,2.5K,0,,0,,,,F1,0,33,,,,,0,,,0,,,36.13,-99.8,,,,,PUB
195108,10,1357,195108,10,1357,,10099744,OKLAHOMA,40,1951,August,Tornado,C,83,LOGAN,,8/10/1951 13:57,CST,8/10/1951 13:57,2,0,0,0,25K,0,,0,,,,F1,5.9,200,,,,,0,,,0,,,35.8,-97.2,35.88,-97.17,,,PUB
195108,31,1550,195108,31,1550,,10099745,OKLAHOMA,40,1951,August,Tornado,C,151,WOODS,,8/31/1951 15:50,CST,8/31/1951 15:50,0,0,0,0,2.5K,0,,0,,,,F1,0.5,440,,,,,0,,,0,,,36.73,-98.67,,,,,PUB
195109,9,1620,195109,9,1620,,10099746,OKLAHOMA,40,1951,September,Tornado,C,35,CRAIG,,9/9/1951 16:20,CST,9/9/1951 16:20,0,0,0,0,2.5K,0,,0,,,,F2,2,67,,,,,0,,,0,,,36.62,-95.02,,,,,PUB
195110,21,2030,195110,21,2030,,10099747,OKLAHOMA,40,1951,October,Tornado,C,103,NOBLE,,10/21/1951 20:30,CST,10/21/1951 20:30,0,0,0,0,2.5K,0,,0,,,,F1,2,880,,,,,0,,,0,,,36.53,-97.07,,,,,PUB
195107,2,15,195107,2,15,,10123411,TEXAS,48,1951,July,Tornado,C,279,LAMB,,7/2/1951 0:15,CST,7/2/1951 0:15,0,0,0,0,250K,0,,0,,,,F2,1,20,,,,,0,,,0,,,34.18,-102.12,,,,,PUB
195108,10,1530,195108,10,1530,,10080566,NEW MEXICO,35,1951,August,Tornado,C,59,UNION,,8/10/1951 15:30,CST,8/10/1951 15:30,0,0,0,0,.03K,0,,0,,,,F0,12.2,30,,,,,0,,,0,,,36.67,-103.95,36.78,-103.78,,,PUB
195106,5,1530,195106,5,1530,,10080565,NEW MEXICO,35,1951,June,Tornado,C,5,CHAVES,,6/5/1951 15:30,CST,6/5/1951 15:30,0,0,0,0,250K,0,,0,,,,F0,2,33,,,,,0,,,0,,,33.1,-104.8,,,,,PUB
195105,31,1600,195105,31,1600,,10123403,TEXAS,48,1951,May,Tornado,C,233,HUTCHINSON,,5/31/1951 16:00,CST,5/31/1951 16:00,0,0,0,0,25K,0,,0,,,,F1,0.5,17,,,,,0,,,0,,,35.77,-101.38,,,,,PUB
195106,6,1820,195106,6,1820,,10123404,TEXAS,48,1951,June,Tornado,C,375,POTTER,,6/6/1951 18:20,CST,6/6/1951 18:20,0,0,0,0,25K,0,,0,,,,,0,33,,,,,0,,,0,,,35.23,-101.82,,,,,PUB
195106,6,1850,195106,6,1850,,10123405,TEXAS,48,1951,June,Tornado,C,65,CARSON,,6/6/1951 18:50,CST,6/6/1951 18:50,0,0,0,0,.03K,0,,0,,,,,0,33,,,,,0,,,0,,,35.62,-101.47,,,,,PUB
195106,6,2006,195106,6,2006,,10123406,TEXAS,48,1951,June,Tornado,C,65,CARSON,,6/6/1951 20:06,CST,6/6/1951 20:06,12,0,0,0,250K,0,,0,,,,F3,10.4,100,,,,,0,,,0,,,35.43,-101.18,35.32,-101.07,,,PUB
195106,6,2040,195106,6,2040,,10123407,TEXAS,48,1951,June,Tornado,C,179,GRAY,,6/6/1951 20:40,CST,6/6/1951 20:40,0,0,0,0,2.5K,0,,0,,,,F0,0,33,,,,,0,,,0,,,35.55,-100.97,,,,,PUB
195106,6,2050,195106,6,2050,,10123408,TEXAS,48,1951,June,Tornado,C,75,CHILDRESS,,6/6/1951 20:50,CST,6/6/1951 20:50,0,0,0,0,250K,0,,0,,,,F2,3.6,1760,,,,,0,,,0,,,34.43,-100.2,34.43,-100.13,,,PUB
195106,15,2220,195106,15,2220,,10123409,TEXAS,48,1951,June,Tornado,C,441,TAYLOR,,6/15/1951 22:20,CST,6/15/1951 22:20,6,0,0,0,250K,0,,0,,,,F1,4.9,20,,,,,0,,,0,,,32.45,-100.02,32.45,-99.93,,,PUB
195106,16,30,195106,16,30,,10123410,TEXAS,48,1951,June,Tornado,C,251,JOHNSON,,6/16/1951 0:30,CST,6/16/1951 0:30,0,0,0,0,25K,0,,0,,,,F2,14.5,20,,,,,0,,,0,,,32.45,-97.42,32.45,-97.17,,,PUB
195102,19,1835,195102,19,1835,,10099704,OKLAHOMA,40,1951,February,Tornado,C,17,CANADIAN,,2/19/1951 18:35,CST,2/19/1951 18:35,0,0,0,0,25K,0,,0,,,,F2,36.3,20,,,,,0,,,0,,,35.37,-98.13,35.83,-97.83,,,PUB
195102,19,2200,195102,19,2200,,10099705,OKLAHOMA,40,1951,February,Tornado,C,27,CLEVELAND,,2/19/1951 22:00,CST,2/19/1951 22:00,0,0,0,0,.25K,0,,0,,,,F0,0,100,,,,,0,,,0,,,35.15,-97.45,,,,,PUB
195104,5,1320,195104,5,1320,,10099706,OKLAHOMA,40,1951,April,Tornado,C,27,CLEVELAND,,4/5/1951 13:20,CST,4/5/1951 13:20,0,0,0,0,25K,0,,0,,,,F2,5.7,127,,,,,0,,,0,,,35.32,-97.55,35.37,-97.47,,,PUB
195104,5,1322,195104,5,1322,,10099707,OKLAHOMA,40,1951,April,Tornado,C,51,GRADY,,4/5/1951 13:22,CST,4/5/1951 13:22,2,0,0,0,250K,0,,0,,,,F2,0.2,100,,,,,0,,,0,,,35.23,-97.72,,,,,PUB
195104,5,1645,195104,5,1645,,10099708,OKLAHOMA,40,1951,April,Tornado,C,151,WOODS,,4/5/1951 16:45,CST,4/5/1951 16:45,2,0,0,0,2.5K,0,,0,,,,F2,3.6,33,,,,,0,,,0,,,36.53,-98.92,36.57,-98.87,,,PUB
195104,24,1730,195104,24,1730,,10099709,OKLAHOMA,40,1951,April,Tornado,C,39,CUSTER,,4/24/1951 17:30,CST,4/24/1951 17:30,0,0,0,0,0K,0,,0,,,,F0,0,33,,,,,0,,,0,,,35.78,-99,,,,,PUB
195104,24,1803,195104,24,1803,,10099710,OKLAHOMA,40,1951,April,Tornado,C,65,JACKSON,,4/24/1951 18:03,CST,4/24/1951 18:03,0,0,0,0,2.5K,0,,0,,,,F1,2.5,33,,,,,0,,,0,,,34.63,-99.6,,,,,PUB
195104,24,2100,195104,24,2100,,10099711,OKLAHOMA,40,1951,April,Tornado,C,71,KAY,,4/24/1951 21:00,CST,4/24/1951 21:00,0,0,0,0,2.5K,0,,0,,,,F1,0,33,,,,,0,,,0,,,36.75,-97.4,,,,,PUB
195104,26,1915,195104,26,1915,,10099712,OKLAHOMA,40,1951,April,Tornado,C,7,BEAVER,,4/26/1951 19:15,CST,4/26/1951 19:15,0,0,0,0,.25K,0,,0,,,,F1,0,33,,,,,0,,,0,,,36.82,-100.53,,,,,PUB
195104,27,1420,195104,27,1420,,10099713,OKLAHOMA,40,1951,April,Tornado,C,93,MAJOR,,4/27/1951 14:20,CST,4/27/1951 14:20,2,0,0,0,2.5K,0,,0,,,,F1,0.8,200,,,,,0,,,0,,,36.33,-98.2,,,,,PUB
195104,30,2030,195104,30,2030,,10099714,OKLAHOMA,40,1951,April,Tornado,C,137,STEPHENS,,4/30/1951 20:30,CST,4/30/1951 20:30,0,0,0,0,2.5K,0,,0,,,,F1,0,33,,,,,0,,,0,,,34.62,-98.08,,,,,PUB
195104,30,2130,195104,30,2130,,10099715,OKLAHOMA,40,1951,April,Tornado,C,109,OKLAHOMA,,4/30/1951 21:30,CST,4/30/1951 21:30,0,0,0,0,25K,0,,0,,,,F2,1.5,200,,,,,0,,,0,,,35.5,-97.58,,,,,PUB
195104,30,2130,195104,30,2130,,10099716,OKLAHOMA,40,1951,April,Tornado,C,109,OKLAHOMA,,4/30/1951 21:30,CST,4/30/1951 21:30,0,0,0,0,250K,0,,0,,,,F3,7.4,200,,,,,0,,,0,,,35.43,-97.58,35.5,-97.48,,,PUB
195105,9,2020,195105,9,2020,,10099718,OKLAHOMA,40,1951,May,Tornado,C,13,BRYAN,,5/9/1951 20:20,CST,5/9/1951 20:20,0,0,0,0,25K,0,,0,,,,F2,9.4,100,,,,,0,,,0,,,34,-96.6,34.12,-96.52,,,PUB
195105,9,2020,195105,9,2020,,10099719,OKLAHOMA,40,1951,May,Tornado,C,69,JOHNSTON,,5/9/1951 20:20,CST,5/9/1951 20:20,1,0,0,0,25K,0,,0,,,,F2,5.4,100,,,,,0,,,0,,,34.12,-96.52,34.18,-96.47,,,PUB
195105,14,1800,195105,14,1800,,10099720,OKLAHOMA,40,1951,May,Tornado,C,139,TEXAS,,5/14/1951 18:00,CST,5/14/1951 18:00,0,0,0,0,2.5K,0,,0,,,,F2,0,33,,,,,0,,,0,,,36.9,-101.9,,,,,PUB
195105,14,1800,195105,14,1800,,10099721,OKLAHOMA,40,1951,May,Tornado,C,139,TEXAS,,5/14/1951 18:00,CST,5/14/1951 18:00,0,0,0,0,0K,0,,0,,,,F2,0,33,,,,,0,,,0,,,36.87,-101.9,,,,,PUB
195105,16,1000,195105,16,1000,,10099722,OKLAHOMA,40,1951,May,Tornado,C,9,BECKHAM,,5/16/1951 10:00,CST,5/16/1951 10:00,0,0,0,0,0K,0,,0,,,,F0,0,33,,,,,0,,,0,,,35.2,-99.87,,,,,PUB
195105,18,1730,195105,18,1730,,10099723,OKLAHOMA,40,1951,May,Tornado,C,31,COMANCHE,,5/18/1951 17:30,CST,5/18/1951 17:30,0,0,0,0,2.5K,0,,0,,,,F1,0,33,,,,,0,,,0,,,34.78,-98.28,,,,,PUB
195105,18,1730,195105,18,1730,,10099724,OKLAHOMA,40,1951,May,Tornado,C,31,COMANCHE,,5/18/1951 17:30,CST,5/18/1951 17:30,0,0,0,0,2.5K,0,,0,,,,F1,0,33,,,,,0,,,0,,,34.78,-98.27,,,,,PUB
195104,30,900,195104,30,900,,10073788,NEBRASKA,31,1951,April,Tornado,C,121,MERRICK,,4/30/1951 9:00,CST,4/30/1951 9:00,0,0,0,0,2.5K,0,,0,,,,F1,0.3,50,,,,,0,,,0,,,41.08,-98,,,,,PUB
195105,13,1900,195105,13,1900,,10073789,NEBRASKA,31,1951,May,Tornado,C,41,CUSTER,,5/13/1951 19:00,CST,5/13/1951 19:00,0,0,0,0,2.5K,0,,0,,,,F0,0,33,,,,,0,,,0,,,41.58,-99.93,,,,,PUB
195105,30,1434,195105,30,1434,,10073790,NEBRASKA,31,1951,May,Tornado,C,157,SCOTTS BLUFF,,5/30/1951 14:34,CST,5/30/1951 14:34,7,0,0,0,0K,0,,0,,,,F2,19.7,33,,,,,0,,,0,,,41.9,-103.5,41.73,-103.18,,,PUB
195105,30,1820,195105,30,1820,,10073791,NEBRASKA,31,1951,May,Tornado,C,29,CHASE,,5/30/1951 18:20,CST,5/30/1951 18:20,0,0,0,0,0K,0,,0,,,,F1,2,33,,,,,0,,,0,,,40.47,-101.55,,,,,PUB
195106,19,1745,195106,19,1745,,10073792,NEBRASKA,31,1951,June,Tornado,C,165,SIOUX,,6/19/1951 17:45,CST,6/19/1951 17:45,0,0,0,0,2.5K,0,,0,,,,F1,4.7,110,,,,,0,,,0,,,42.95,-103.88,42.98,-103.78,,,PUB
195106,25,1530,195106,25,1530,,10073793,NEBRASKA,31,1951,June,Tornado,C,33,CHEYENNE,,6/25/1951 15:30,CST,6/25/1951 15:30,1,0,0,0,0K,0,,0,,,,F2,10.4,57,,,,,0,,,0,,,41.1,-103.05,41.22,-102.92,,,PUB
195107,7,1730,195107,7,1730,,10073794,NEBRASKA,31,1951,July,Tornado,C,135,PERKINS,,7/7/1951 17:30,CST,7/7/1951 17:30,0,0,0,0,25K,0,,0,,,,F0,5.1,33,,,,,0,,,0,,,40.85,-101.55,40.88,-101.45,,,PUB
195107,13,2000,195107,13,2000,,10073795,NEBRASKA,31,1951,July,Tornado,C,49,DEUEL,,7/13/1951 20:00,CST,7/13/1951 20:00,0,0,0,0,0K,0,,0,,,,F0,0,33,,,,,0,,,0,,,41.23,-102.58,,,,,PUB
195108,8,1500,195108,8,1500,,10073796,NEBRASKA,31,1951,August,Tornado,C,123,MORRILL,,8/8/1951 15:00,CST,8/8/1951 15:00,0,0,0,0,25K,0,,0,,,,F1,0,440,,,,,0,,,0,,,41.75,-103.25,41.77,-103.2,,,PUB
195102,20,915,195102,20,915,,9983006,ARKANSAS,5,1951,February,Tornado,C,85,LONOKE,,2/20/1951 9:15,CST,2/20/1951 9:15,3,0,0,0,25K,0,,0,,,,F2,20.2,333,,,,,0,,,0,,,34.6,-92.02,34.73,-91.7,,,PUB
195102,20,915,195102,20,915,,9983007,ARKANSAS,5,1951,February,Tornado,C,117,PRAIRIE,,2/20/1951 9:15,CST,2/20/1951 9:15,0,0,0,0,25K,0,,0,,,,F2,92.6,333,,,,,0,,,0,,,34.73,-91.7,35.55,-90.4,,,PUB
195110,23,300,195110,23,300,,9983008,ARKANSAS,5,1951,October,Tornado,C,149,YELL,,10/23/1951 3:00,CST,10/23/1951 3:00,4,0,0,0,0K,0,,0,,,,F2,0,33,,,,,0,,,0,,,35,-93.5,,,,,PUB
195108,21,1630,195108,21,1630,,9986152,CONNECTICUT,9,1951,August,Tornado,C,7,MIDDLESEX,,8/21/1951 16:30,CST,8/21/1951 16:30,8,0,0,0,250K,0,,0,,,,F3,0,33,,,,,0,,,0,,,41.58,-72.5,,,,,PUB
195101,11,1025,195101,11,1025,,9990145,CALIFORNIA,6,1951,January,Tornado,C,85,SANTA CLARA,,1/11/1951 10:25,CST,1/11/1951 10:25,0,0,0,0,2.5M,0,,0,,,,F2,5.7,33,,,,,0,,,0,,,37.37,-122.12,37.42,-122.03,,,PUB
195108,20,1530,195108,20,1530,,9986150,CONNECTICUT,9,1951,August,Tornado,C,13,TOLLAND,,8/20/1951 15:30,CST,8/20/1951 15:30,0,0,0,0,25K,0,,0,,,,F2,0,50,,,,,0,,,0,,,41.87,-72.25,,,,,PUB
195108,21,1615,195108,21,1615,,9986151,CONNECTICUT,9,1951,August,Tornado,C,5,LITCHFIELD,,8/21/1951 16:15,CST,8/21/1951 16:15,9,0,0,0,250K,0,,0,,,,F2,43.9,100,,,,,0,,,0,,,41.62,-73.42,41.8,-72.6,,,PUB
195102,20,1500,195102,20,1500,,10047276,MISSISSIPPI,28,1951,February,Tornado,C,87,LOWNDES,,2/20/1951 15:00,CST,2/20/1951 15:00,0,0,0,0,2.5K,0,,0,,,,F1,0,33,,,,,0,,,0,,,33.47,-88.48,,,,,PUB
195102,20,1500,195102,20,1500,,10047277,MISSISSIPPI,28,1951,February,Tornado,C,105,OKTIBBEHA,,2/20/1951 15:00,CST,2/20/1951 15:00,1,0,1,0,2.5K,0,,0,,,,F3,0,33,,,,,0,,,0,,,33.45,-88.87,,,,,PUB
195104,21,1200,195104,21,1200,,10047278,MISSISSIPPI,28,1951,April,Tornado,C,129,SMITH,,4/21/1951 12:00,CST,4/21/1951 12:00,0,0,0,0,25K,0,,0,,,,F1,0,33,,,,,0,,,0,,,32.07,-89.52,,,,,PUB
195104,21,1925,195104,21,1925,,10047279,MISSISSIPPI,28,1951,April,Tornado,C,67,JONES,,4/21/1951 19:25,CST,4/21/1951 19:25,10,0,2,0,25K,0,,0,,,,F3,8.8,33,,,,,0,,,0,,,31.68,-89.25,31.8,-89.2,,,PUB
195104,21,1940,195104,21,1940,,10047280,MISSISSIPPI,28,1951,April,Tornado,C,61,JASPER,,4/21/1951 19:40,CST,4/21/1951 19:40,6,0,0,0,25K,0,,0,,,,F3,24.7,33,,,,,0,,,0,,,31.8,-89.2,32.15,-89.12,,,PUB
195106,9,530,195106,9,530,,10047281,MISSISSIPPI,28,1951,June,Tornado,C,125,SHARKEY,,6/9/1951 5:30,CST,6/9/1951 5:30,0,0,0,0,2.5K,0,,0,,,,,2,10,,,,,0,,,0,,,32.9,-90.72,,,,,PUB
195103,12,1700,195103,12,1700,,9985760,FLORIDA,12,1951,March,Tornado,C,115,SARASOTA,,3/12/1951 17:00,CST,3/12/1951 17:00,0,0,0,0,25K,0,,0,,,,F2,2,77,,,,,0,,,0,,,27.1,-82.48,,,,,PUB
195105,26,930,195105,26,930,,9985761,FLORIDA,12,1951,May,Tornado,C,37,FRANKLIN,,5/26/1951 9:30,CST,5/26/1951 9:30,0,0,3,0,250K,0,,0,,,,F1,0,33,,,,,0,,,0,,,29.85,-84.68,,,,,PUB
195105,26,1230,195105,26,1230,,9985762,FLORIDA,12,1951,May,Tornado,C,23,COLUMBIA,,5/26/1951 12:30,CST,5/26/1951 12:30,0,0,0,0,25K,0,,0,,,,,0,33,,,,,0,,,0,,,30.18,-82.63,,,,,PUB
195107,22,1520,195107,22,1520,,9985763,FLORIDA,12,1951,July,Tornado,C,57,HILLSBOROUGH,,7/22/1951 15:20,CST,7/22/1951 15:20,0,0,0,0,2.5K,0,,0,,,,F2,0,33,,,,,0,,,0,,,27.73,-82.43,,,,,PUB
195112,4,1125,195112,4,1125,,9985764,FLORIDA,12,1951,December,Tornado,C,105,POLK,,12/4/1951 11:25,CST,12/4/1951 11:25,0,0,0,0,2.5K,0,,0,,,,F1,0,27,,,,,0,,,0,,,28.12,-82.03,,,,,PUB
195112,18,1330,195112,18,1330,,9985765,FLORIDA,12,1951,December,Tornado,C,31,DUVAL,,12/18/1951 13:30,CST,12/18/1951 13:30,0,0,0,0,2.5K,0,,0,,,,F1,0.5,33,,,,,0,,,0,,,30.35,-81.75,,,,,PUB
195112,18,1745,195112,18,1745,,9985766,FLORIDA,12,1951,December,Tornado,C,105,POLK,,12/18/1951 17:45,CST,12/18/1951 17:45,0,0,0,0,25K,0,,0,,,,F2,0,150,,,,,0,,,0,,,27.75,-81.8,,,,,PUB
195112,18,1800,195112,18,1800,,9985767,FLORIDA,12,1951,December,Tornado,C,103,PINELLAS,,12/18/1951 18:00,CST,12/18/1951 18:00,0,0,0,0,2.5K,0,,0,,,,F1,2.8,100,,,,,0,,,0,,,27.77,-82.63,,,,,PUB
195112,18,1830,195112,18,1830,,9985768,FLORIDA,12,1951,December,Tornado,C,105,POLK,,12/18/1951 18:30,CST,12/18/1951 18:30,0,0,0,0,.25K,0,,0,,,,F2,0,33,,,,,0,,,0,,,27.78,-81.53,,,,,PUB
195108,21,1400,195108,21,1400,,10039198,MASSACHUSETTS,25,1951,August,Tornado,C,9,ESSEX,,8/21/1951 14:00,CST,8/21/1951 14:00,0,0,0,0,2.5K,0,,0,,,,F2,9.3,100,,,,,0,,,0,,,42.7,-71.13,42.77,-70.97,,,PUB
195112,18,1700,195112,18,1700,,10039199,MASSACHUSETTS,25,1951,December,Tornado,C,7,DUKES,,12/18/1951 17:00,CST,12/18/1951 17:00,0,0,0,0,0K,0,,0,,,,F2,0,33,,,,,0,,,0,,,41.37,-70.53,,,,,PUB
195112,8,1730,195112,8,1730,,10047283,MISSISSIPPI,28,1951,December,Tornado,C,149,WARREN,,12/8/1951 17:30,CST,12/8/1951 17:30,0,0,0,0,2.5K,0,,0,,,,,0.5,350,,,,,0,,,0,,,32.17,-90.8,,,,,PUB
195112,20,1515,195112,20,1515,,10047284,MISSISSIPPI,28,1951,December,Tornado,C,159,WINSTON,,12/20/1951 15:15,CST,12/20/1951 15:15,0,0,0,0,25K,0,,0,,,,,2,900,,,,,0,,,0,,,33.13,-89.05,,,,,PUB
195106,9,1700,195106,9,1700,,10077699,NORTH CAROLINA,37,1951,June,Tornado,C,69,FRANKLIN,,6/9/1951 17:00,CST,6/9/1951 17:00,0,0,0,0,25K,0,,0,,,,F1,3.8,30,,,,,0,,,0,,,36,-78.33,36.03,-78.28,,,PUB
195106,13,1530,195106,13,1530,,10077700,NORTH CAROLINA,37,1951,June,Tornado,C,141,PENDER,,6/13/1951 15:30,CST,6/13/1951 15:30,0,0,0,0,25K,0,,0,,,,F1,1,20,,,,,0,,,0,,,34.4,-77.53,,,,,PUB
195107,6,1100,195107,6,1100,,10077701,NORTH CAROLINA,37,1951,July,Tornado,C,19,BRUNSWICK,,7/6/1951 11:00,CST,7/6/1951 11:00,0,0,0,0,25K,0,,0,,,,F1,0,33,,,,,0,,,0,,,33.92,-78.23,,,,,PUB
195108,9,1100,195108,9,1100,,10077702,NORTH CAROLINA,37,1951,August,Tornado,C,35,CATAWBA,,8/9/1951 11:00,CST,8/9/1951 11:00,0,0,0,0,25K,0,,0,,,,F2,0.5,100,,,,,0,,,0,,,35.75,-81.33,,,,,PUB
195102,20,1600,195102,20,1600,,9979424,ALABAMA,1,1951,February,Tornado,C,57,FAYETTE,,2/20/1951 16:00,CST,2/20/1951 16:00,2,0,0,0,25K,0,,0,,,,F2,0.1,123,,,,,0,,,0,,,33.67,-87.7,,,,,PUB
195108,15,1400,195108,15,1400,,10039407,MICHIGAN,26,1951,August,Tornado,C,45,EATON,,8/15/1951 14:00,CST,8/15/1951 14:00,0,0,0,0,250K,0,,0,,,,F1,2.3,100,,,,,0,,,0,,,42.67,-84.83,42.7,-84.78,,,PUB
195108,15,1400,195108,15,1400,,10039408,MICHIGAN,26,1951,August,Tornado,C,87,LAPEER,,8/15/1951 14:00,CST,8/15/1951 14:00,0,0,0,0,25K,0,,0,,,,F1,0.2,300,,,,,0,,,0,,,43.18,-83.22,,,,,PUB
195108,15,1430,195108,15,1430,,10039409,MICHIGAN,26,1951,August,Tornado,C,37,CLINTON,,8/15/1951 14:30,CST,8/15/1951 14:30,0,0,0,0,250K,0,,0,,,,F2,28.5,333,,,,,0,,,0,,,42.9,-84.88,43,-84.33,,,PUB
195109,26,2100,195109,26,2100,,10039410,MICHIGAN,26,1951,September,Tornado,C,123,NEWAYGO,,9/26/1951 21:00,CST,9/26/1951 21:00,3,0,1,0,0K,0,,0,,,,F2,2.3,440,,,,,0,,,0,,,43.78,-85.87,43.78,-85.8,,,PUB
195102,20,1800,195102,20,1800,,10035923,KENTUCKY,21,1951,February,Tornado,C,211,SHELBY,,2/20/1951 18:00,CST,2/20/1951 18:00,0,0,0,0,25K,0,,0,,,,F2,0,73,,,,,0,,,0,,,38.27,-85.05,,,,,PUB
195111,13,1750,195111,13,1750,,10035924,KENTUCKY,21,1951,November,Tornado,C,157,MARSHALL,,11/13/1951 17:50,CST,11/13/1951 17:50,11,0,1,0,250K,0,,0,,,,F3,2,33,,,,,0,,,0,,,37.02,-88.33,,,,,PUB
195106,8,900,195106,8,900,,9979425,ALABAMA,1,1951,June,Tornado,C,89,MADISON,,6/8/1951 9:00,CST,6/8/1951 9:00,2,0,0,0,2.5K,0,,0,,,,F2,0,100,,,,,0,,,0,,,34.97,-86.43,,,,,PUB
195111,15,1500,195111,15,1500,,9979426,ALABAMA,1,1951,November,Tornado,C,43,CULLMAN,,11/15/1951 15:00,CST,11/15/1951 15:00,2,0,0,0,2.5K,0,,0,,,,F2,0,150,,,,,0,,,0,,,34.2,-86.7,,,,,PUB
195111,15,2000,195111,15,2000,,9979427,ALABAMA,1,1951,November,Tornado,C,77,LAUDERDALE,,11/15/1951 20:00,CST,11/15/1951 20:00,6,0,0,0,2.5K,0,,0,,,,F2,1.5,177,,,,,0,,,0,,,34.83,-87.8,,,,,PUB
195111,16,100,195111,16,100,,9979428,ALABAMA,1,1951,November,Tornado,C,9,BLOUNT,,11/16/1951 1:00,CST,11/16/1951 1:00,1,0,0,0,2.5K,0,,0,,,,F2,1.5,33,,,,,0,,,0,,,34.08,-86.52,,,,,PUB
195108,21,1400,195108,21,1400,,10081383,NEW HAMPSHIRE,33,1951,August,Tornado,C,15,ROCKINGHAM,,8/21/1951 14:00,CST,8/21/1951 14:00,0,0,0,0,2.5K,0,,0,,,,F2,4.9,67,,,,,0,,,0,,,42.83,-71.13,42.9,-71.07,,,PUB
195106,19,1730,195106,19,1730,,10052052,MINNESOTA,27,1951,June,Tornado,C,85,MCLEOD,,6/19/1951 17:30,CST,6/19/1951 17:30,11,0,0,0,2.5M,0,,0,,,,F4,52.6,330,,,,,0,,,0,,,44.88,-94.37,45.2,-93.38,,,PUB
195106,19,1900,195106,19,1900,,10052053,MINNESOTA,27,1951,June,Tornado,C,3,ANOKA,,6/19/1951 19:00,CST,6/19/1951 19:00,9,0,1,0,2.5M,0,,0,,,,F4,0,330,,,,,0,,,0,,,45.2,-93.38,45.22,-93.35,,,PUB
195106,25,1500,195106,25,1500,,10052054,MINNESOTA,27,1951,June,Tornado,C,91,MARTIN,,6/25/1951 15:00,CST,6/25/1951 15:00,0,0,0,0,250K,0,,0,,,,F2,14.2,33,,,,,0,,,0,,,43.57,-94.77,43.6,-94.48,,,PUB
195107,20,2100,195107,20,2100,,10052055,MINNESOTA,27,1951,July,Tornado,C,53,HENNEPIN,,7/20/1951 21:00,CST,7/20/1951 21:00,40,0,5,0,25M,0,,0,,,,F3,11.6,33,,,,,0,,,0,,,44.93,-93.5,44.88,-93.27,,,PUB
195105,25,2100,195105,25,2100,,10063621,MISSOURI,29,1951,May,Tornado,C,147,NODAWAY,,5/25/1951 21:00,CST,5/25/1951 21:00,0,0,0,0,2.5K,0,,0,,,,F1,0.2,10,,,,,0,,,0,,,40.4,-95.17,,,,,PUB
195106,8,1745,195106,8,1745,,10063622,MISSOURI,29,1951,June,Tornado,C,161,PHELPS,,6/8/1951 17:45,CST,6/8/1951 17:45,0,0,0,0,2.5K,0,,0,,,,F1,0,33,,,,,0,,,0,,,37.93,-91.88,,,,,PUB
195107,4,100,195107,4,100,,10063623,MISSOURI,29,1951,July,Tornado,C,97,JASPER,,7/4/1951 1:00,CST,7/4/1951 1:00,1,0,0,0,250K,0,,0,,,,F2,0.1,100,,,,,0,,,0,,,37.15,-94.47,,,,,PUB
195107,8,2015,195107,8,2015,,10063624,MISSOURI,29,1951,July,Tornado,C,177,RAY,,7/8/1951 20:15,CST,7/8/1951 20:15,0,0,0,0,25K,0,,0,,,,F2,2.3,100,,,,,0,,,0,,,39.22,-94.02,39.25,-94.02,,,PUB
195107,9,2345,195107,9,2345,,10063625,MISSOURI,29,1951,July,Tornado,C,91,HOWELL,,7/9/1951 23:45,CST,7/9/1951 23:45,0,0,0,0,.25K,0,,0,,,,F1,2,440,,,,,0,,,0,,,36.55,-91.7,,,,,PUB
195111,13,1330,195111,13,1330,,10063626,MISSOURI,29,1951,November,Tornado,C,143,NEW MADRID,,11/13/1951 13:30,CST,11/13/1951 13:30,1,0,0,0,25K,0,,0,,,,F3,1,27,,,,,0,,,0,,,36.62,-89.75,,,,,PUB
195106,25,1707,195106,25,1707,,10017015,IOWA,19,1951,June,Tornado,C,81,HANCOCK,,6/25/1951 17:07,CST,6/25/1951 17:07,8,0,0,0,0K,0,,0,,,,F2,0.8,500,,,,,0,,,0,,,43.22,-93.8,,,,,PUB
195107,17,1745,195107,17,1745,,10017016,IOWA,19,1951,July,Tornado,C,141,O'BRIEN,,7/17/1951 17:45,CST,7/17/1951 17:45,2,0,0,0,0K,0,,0,,,,F1,0,33,,,,,0,,,0,,,43.18,-95.87,,,,,PUB
195108,26,2359,195108,26,2359,,10017017,IOWA,19,1951,August,Tornado,C,149,PLYMOUTH,,8/26/1951 23:59,CST,8/26/1951 23:59,0,0,0,0,0K,0,,0,,,,F1,5.6,140,,,,,0,,,0,,,42.85,-95.95,42.92,-95.87,,,PUB
195107,8,2000,195107,8,2000,,10110747,SOUTH DAKOTA,46,1951,July,Tornado,C,109,ROBERTS,,7/8/1951 20:00,CST,7/8/1951 20:00,1,0,0,0,0K,0,,0,,,,F2,0,33,,,,,0,,,0,,,45.37,-96.83,,,,,PUB
195107,20,1815,195107,20,1815,,10110748,SOUTH DAKOTA,46,1951,July,Tornado,C,29,CODINGTON,,7/20/1951 18:15,CST,7/20/1951 18:15,4,0,0,0,0K,0,,0,,,,F2,1,33,,,,,0,,,0,,,44.9,-96.08,,,,,PUB
195106,1,2115,195106,1,2115,,10017013,IOWA,19,1951,June,Tornado,C,127,MARSHALL,,6/1/1951 21:15,CST,6/1/1951 21:15,7,0,0,0,0K,0,,0,,,,F3,1.5,880,,,,,0,,,0,,,42.07,-92.92,,,,,PUB
195106,19,1600,195106,19,1600,,10017014,IOWA,19,1951,June,Tornado,C,119,LYON,,6/19/1951 16:00,CST,6/19/1951 16:00,0,0,0,0,0K,0,,0,,,,F1,0.5,17,,,,,0,,,0,,,43.38,-96.25,,,,,PUB
195104,28,2055,195104,28,2055,,10086811,OHIO,39,1951,April,Tornado,C,63,HANCOCK,,4/28/1951 20:55,CST,4/28/1951 20:55,5,0,0,0,2.5M,0,,0,,,,F2,15.2,33,,,,,0,,,0,,,41,-83.67,41.1,-83.4,,,PUB
195106,22,1530,195106,22,1530,,10086812,OHIO,39,1951,June,Tornado,C,35,CUYAHOGA,,6/22/1951 15:30,CST,6/22/1951 15:30,0,0,0,0,2.5M,0,,0,,,,F2,1,100,,,,,0,,,0,,,41.42,-81.85,,,,,PUB
195106,27,600,195106,27,600,,10086813,OHIO,39,1951,June,Tornado,C,17,BUTLER,,6/27/1951 6:00,CST,6/27/1951 6:00,0,0,0,0,2.5M,0,,0,,,,F1,4.7,33,,,,,0,,,0,,,39.5,-84.58,39.53,-84.5,,,PUB
195107,21,2200,195107,21,2200,,10039193,MICHIGAN,26,1951,July,Tornado,C,161,WASHTENAW,,7/21/1951 22:00,CST,7/21/1951 22:00,0,0,0,0,25K,0,,0,,,,F2,0.5,217,,,,,0,,,0,,,42.15,-83.55,,,,,PUB
195106,14,1130,195106,14,1130,,10089657,NORTH DAKOTA,38,1951,June,Tornado,C,15,BURLEIGH,,6/14/1951 11:30,CST,6/14/1951 11:30,0,0,0,0,0K,0,,0,,,,,0,33,,,,,0,,,0,,,46.77,-100.45,,,,,PUB
195108,14,1500,195108,14,1500,,10089658,NORTH DAKOTA,38,1951,August,Tornado,C,41,HETTINGER,,8/14/1951 15:00,CST,8/14/1951 15:00,0,0,0,0,.25K,0,,0,,,,F1,0,33,,,,,0,,,0,,,46.38,-102.25,,,,,PUB
195112,6,1740,195112,6,1740,,10105002,OREGON,41,1951,December,Tornado,C,39,LANE,,12/6/1951 17:40,CST,12/6/1951 17:40,0,0,0,0,.03K,0,,0,,,,F1,0.3,50,,,,,0,,,0,,,44.18,-123.23,,,,,PUB
195106,21,2300,195106,21,2300,,10028736,KANSAS,20,1951,June,Tornado,C,165,RUSH,,6/21/1951 23:00,CST,6/21/1951 23:00,0,0,0,0,0K,0,,0,,,,F2,0,33,,,,,0,,,0,,,38.53,-99.32,,,,,PUB
195104,20,1510,195104,20,1510,,10120422,TEXAS,48,1951,April,Tornado,C,485,WICHITA,,4/20/1951 15:10,CST,4/20/1951 15:10,0,0,0,0,25K,0,,0,,,,F2,1.5,17,,,,,0,,,0,,,33.92,-98.45,,,,,PUB
195105,9,1700,195105,9,1700,,10120423,TEXAS,48,1951,May,Tornado,C,485,WICHITA,,5/9/1951 17:00,CST,5/9/1951 17:00,0,0,0,0,25K,0,,0,,,,F2,4.9,33,,,,,0,,,0,,,33.93,-98.68,33.93,-98.77,,,PUB
195105,15,1830,195105,15,1830,,10120424,TEXAS,48,1951,May,Tornado,C,69,CASTRO,,5/15/1951 18:30,CST,5/15/1951 18:30,0,0,0,0,.25K,0,,0,,,,F1,0,33,,,,,0,,,0,,,34.5,-102.3,,,,,PUB
195105,18,1545,195105,18,1545,,10120425,TEXAS,48,1951,May,Tornado,C,503,YOUNG,,5/18/1951 15:45,CST,5/18/1951 15:45,100,0,2,0,2.5M,0,,0,,,,F4,2,200,,,,,0,,,0,,,33.42,-98.75,,,,,PUB
195105,24,1700,195105,24,1700,,10120426,TEXAS,48,1951,May,Tornado,C,207,HASKELL,,5/24/1951 17:00,CST,5/24/1951 17:00,0,0,1,0,2.5K,0,,0,,,,F1,0.5,20,,,,,0,,,0,,,33.37,-99.9,,,,,PUB
195106,22,200,195106,22,200,,10025119,KANSAS,20,1951,June,Tornado,C,73,GREENWOOD,,6/22/1951 2:00,CST,6/22/1951 2:00,0,0,0,0,.25K,0,,0,,,,,0,33,,,,,0,,,0,,,37.83,-96.3,,,,,PUB
195106,23,2200,195106,23,2200,,10025120,KANSAS,20,1951,June,Tornado,C,129,MORTON,,6/23/1951 22:00,CST,6/23/1951 22:00,0,0,1,0,25K,0,,0,,,,,0,33,,,,,0,,,0,,,37.12,-101.62,,,,,PUB
195106,23,2200,195106,23,2200,,10025121,KANSAS,20,1951,June,Tornado,C,189,STEVENS,,6/23/1951 22:00,CST,6/23/1951 22:00,5,0,1,0,25K,0,,0,,,,F2,0,33,,,,,0,,,0,,,37.18,-101.35,,,,,PUB
195106,27,10,195106,27,10,,10025122,KANSAS,20,1951,June,Tornado,C,195,TREGO,,6/27/1951 0:10,CST,6/27/1951 0:10,100,0,5,0,2.5M,0,,0,,,,F4,0.8,300,,,,,0,,,0,,,39.03,-99.88,,,,,PUB
195106,27,100,195106,27,100,,10025123,KANSAS,20,1951,June,Tornado,C,51,ELLIS,,6/27/1951 1:00,CST,6/27/1951 1:00,0,0,0,0,2.5K,0,,0,,,,F1,0,33,,,,,0,,,0,,,38.87,-99.37,,,,,PUB
195107,4,2100,195107,4,2100,,10025124,KANSAS,20,1951,July,Tornado,C,57,FORD,,7/4/1951 21:00,CST,7/4/1951 21:00,0,0,0,0,2.5K,0,,0,,,,,0,33,,,,,0,,,0,,,37.58,-99.6,,,,,PUB
195105,31,2345,195105,31,2345,,10028714,KANSAS,20,1951,May,Tornado,C,87,JEFFERSON,,5/31/1951 23:45,CST,5/31/1951 23:45,0,0,0,0,2.5K,0,,0,,,,F2,3,440,,,,,0,,,0,,,39.37,-95.4,39.4,-95.35,,,PUB
195106,1,2000,195106,1,2000,,10028715,KANSAS,20,1951,June,Tornado,C,157,REPUBLIC,,6/1/1951 20:00,CST,6/1/1951 20:00,0,0,0,0,2.5K,0,,0,,,,F1,11,33,,,,,0,,,0,,,39.73,-97.98,39.78,-97.78,,,PUB
195106,6,1630,195106,6,1630,,10028716,KANSAS,20,1951,June,Tornado,C,67,GRANT,,6/6/1951 16:30,CST,6/6/1951 16:30,3,0,0,0,2.5K,0,,0,,,,F2,0,33,,,,,0,,,0,,,37.58,-101.33,,,,,PUB
195106,6,1800,195106,6,1800,,10028717,KANSAS,20,1951,June,Tornado,C,195,TREGO,,6/6/1951 18:00,CST,6/6/1951 18:00,0,0,0,0,25K,0,,0,,,,F1,3,400,,,,,0,,,0,,,38.88,-99.92,38.93,-99.88,,,PUB
195106,6,1930,195106,6,1930,,10028718,KANSAS,20,1951,June,Tornado,C,151,PRATT,,6/6/1951 19:30,CST,6/6/1951 19:30,0,0,0,0,25K,0,,0,,,,,0,33,,,,,0,,,0,,,37.78,-98.87,,,,,PUB
195106,6,1930,195106,6,1930,,10028719,KANSAS,20,1951,June,Tornado,C,151,PRATT,,6/6/1951 19:30,CST,6/6/1951 19:30,0,0,0,0,0K,0,,0,,,,,9,33,,,,,0,,,0,,,37.63,-98.9,37.65,-98.73,,,PUB
195106,6,1930,195106,6,1930,,10028720,KANSAS,20,1951,June,Tornado,C,151,PRATT,,6/6/1951 19:30,CST,6/6/1951 19:30,0,0,0,0,0K,0,,0,,,,,0,33,,,,,0,,,0,,,37.52,-98.82,,,,,PUB
195106,6,1930,195106,6,1930,,10028721,KANSAS,20,1951,June,Tornado,C,151,PRATT,,6/6/1951 19:30,CST,6/6/1951 19:30,0,0,0,0,0K,0,,0,,,,,0,33,,,,,0,,,0,,,37.77,-98.57,,,,,PUB
195106,6,1930,195106,6,1930,,10028722,KANSAS,20,1951,June,Tornado,C,67,GRANT,,6/6/1951 19:30,CST,6/6/1951 19:30,3,0,0,0,25K,0,,0,,,,F3,44.8,33,,,,,0,,,0,,,37.58,-101.37,37.03,-100.93,,,PUB
195106,6,2000,195106,6,2000,,10028723,KANSAS,20,1951,June,Tornado,C,141,OSBORNE,,6/6/1951 20:00,CST,6/6/1951 20:00,0,0,0,0,0K,0,,0,,,,F1,0,33,,,,,0,,,0,,,39.18,-99.03,,,,,PUB
195106,6,2200,195106,6,2200,,10028724,KANSAS,20,1951,June,Tornado,C,15,BUTLER,,6/6/1951 22:00,CST,6/6/1951 22:00,0,0,0,0,2.5K,0,,0,,,,F1,0,33,,,,,0,,,0,,,37.68,-97.12,,,,,PUB
195106,8,1330,195106,8,1330,,10028725,KANSAS,20,1951,June,Tornado,C,31,COFFEY,,6/8/1951 13:30,CST,6/8/1951 13:30,0,0,0,0,.25K,0,,0,,,,F1,0.8,600,,,,,0,,,0,,,38.42,-95.62,,,,,PUB
195106,8,1700,195106,8,1700,,10028726,KANSAS,20,1951,June,Tornado,C,45,DOUGLAS,,6/8/1951 17:00,CST,6/8/1951 17:00,0,0,0,0,2.5K,0,,0,,,,F2,0,33,,,,,0,,,0,,,38.88,-95.35,,,,,PUB
195106,15,1915,195106,15,1915,,10028727,KANSAS,20,1951,June,Tornado,C,177,SHAWNEE,,6/15/1951 19:15,CST,6/15/1951 19:15,0,0,0,0,.03K,0,,0,,,,F0,0.5,100,,,,,0,,,0,,,39.07,-95.82,,,,,PUB
195106,17,1500,195106,17,1500,,10028728,KANSAS,20,1951,June,Tornado,C,75,HAMILTON,,6/17/1951 15:00,CST,6/17/1951 15:00,0,0,0,0,2.5K,0,,0,,,,,0,33,,,,,0,,,0,,,38,-101.78,,,,,PUB
195106,17,2230,195106,17,2230,,10028730,KANSAS,20,1951,June,Tornado,C,63,GOVE,,6/17/1951 22:30,CST,6/17/1951 22:30,0,0,0,0,0K,0,,0,,,,,0,33,,,,,0,,,0,,,39.07,-100.3,,,,,PUB
195106,17,2300,195106,17,2300,,10028731,KANSAS,20,1951,June,Tornado,C,59,FRANKLIN,,6/17/1951 23:00,CST,6/17/1951 23:00,0,0,0,0,2.5K,0,,0,,,,,0,33,,,,,0,,,0,,,38.62,-95.08,,,,,PUB
195106,19,1800,195106,19,1800,,10028732,KANSAS,20,1951,June,Tornado,C,33,COMANCHE,,6/19/1951 18:00,CST,6/19/1951 18:00,0,0,0,0,2.5K,0,,0,,,,,0,33,,,,,0,,,0,,,37.1,-99.1,,,,,PUB
195106,20,2200,195106,20,2200,,10028733,KANSAS,20,1951,June,Tornado,C,193,THOMAS,,6/20/1951 22:00,CST,6/20/1951 22:00,0,0,0,0,0K,0,,0,,,,F1,0,33,,,,,0,,,0,,,39.28,-100.95,,,,,PUB
195106,20,2200,195106,20,2200,,10028734,KANSAS,20,1951,June,Tornado,C,203,WICHITA,,6/20/1951 22:00,CST,6/20/1951 22:00,0,0,0,0,25K,0,,0,,,,F2,48.6,33,,,,,0,,,0,,,38.47,-101.37,38.48,-100.47,,,PUB
195106,21,100,195106,21,100,,10028735,KANSAS,20,1951,June,Tornado,C,141,OSBORNE,,6/21/1951 1:00,CST,6/21/1951 1:00,0,0,0,0,0K,0,,0,,,,,22.2,33,,,,,0,,,0,,,39.37,-98.88,39.4,-98.47,,,PUB
195103,29,1830,195103,29,1830,,10004031,INDIANA,18,1951,March,Tornado,C,59,HANCOCK,,3/29/1951 18:30,CST,3/29/1951 18:30,2,0,0,0,250K,0,,0,,,,F2,3,400,,,,,0,,,0,,,39.78,-85.77,39.82,-85.72,,,PUB
195106,21,1950,195106,21,1950,,10004032,INDIANA,18,1951,June,Tornado,C,131,PULASKI,,6/21/1951 19:50,CST,6/21/1951 19:50,2,0,0,0,2.5M,0,,0,,,,F3,2.7,1760,,,,,0,,,0,,,41.12,-86.48,41.12,-86.42,,,PUB
195106,21,2000,195106,21,2000,,10004033,INDIANA,18,1951,June,Tornado,C,49,FULTON,,6/21/1951 20:00,CST,6/21/1951 20:00,2,0,0,0,2.5M,0,,0,,,,F3,2.7,1760,,,,,0,,,0,,,41.12,-86.42,41.12,-86.35,,,PUB
195107,9,100,195107,9,100,,10004034,INDIANA,18,1951,July,Tornado,C,67,HOWARD,,7/9/1951 1:00,CST,7/9/1951 1:00,0,0,0,0,250K,0,,0,,,,F2,1,1760,,,,,0,,,0,,,40.48,-86.12,,,,,PUB
195111,13,1600,195111,13,1600,,10004035,INDIANA,18,1951,November,Tornado,C,89,LAKE,,11/13/1951 16:00,CST,11/13/1951 16:00,0,0,0,0,250K,0,,0,,,,F2,0.3,400,,,,,0,,,0,,,41.6,-87.33,,,,,PUB
195105,17,1835,195105,17,1835,,9991328,COLORADO,8,1951,May,Tornado,C,39,ELBERT,,5/17/1951 18:35,CST,5/17/1951 18:35,0,0,0,0,.03K,0,,0,,,,,0,33,,,,,0,,,0,,,39.33,-104.62,,,,,PUB
195105,20,1400,195105,20,1400,,9991329,COLORADO,8,1951,May,Tornado,C,115,SEDGWICK,,5/20/1951 14:00,CST,5/20/1951 14:00,0,0,0,0,.03K,0,,0,,,,F0,0,33,,,,,0,,,0,,,40.98,-102.27,,,,,PUB
195105,20,1500,195105,20,1500,,9991330,COLORADO,8,1951,May,Tornado,C,115,SEDGWICK,,5/20/1951 15:00,CST,5/20/1951 15:00,0,0,0,0,.25K,0,,0,,,,F0,6.1,33,,,,,0,,,0,,,40.98,-102.27,41.02,-102.15,,,PUB
195105,20,1500,195105,20,1500,,9991331,COLORADO,8,1951,May,Tornado,C,115,SEDGWICK,,5/20/1951 15:00,CST,5/20/1951 15:00,0,0,0,0,.25K,0,,0,,,,F1,10.3,33,,,,,0,,,0,,,40.98,-102.27,41.05,-102.08,,,PUB
195106,6,1330,195106,6,1330,,9991332,COLORADO,8,1951,June,Tornado,C,73,LINCOLN,,6/6/1951 13:30,CST,6/6/1951 13:30,1,0,0,0,25K,0,,0,,,,F2,4.7,217,,,,,0,,,0,,,38.73,-103.58,38.77,-103.5,,,PUB
195106,14,2100,195106,14,2100,,9991333,COLORADO,8,1951,June,Tornado,C,41,EL PASO,,6/14/1951 21:00,CST,6/14/1951 21:00,0,0,0,0,2.5K,0,,0,,,,F1,0,33,,,,,0,,,0,,,39,-104.25,,,,,PUB
195106,18,1800,195106,18,1800,,9991334,COLORADO,8,1951,June,Tornado,C,25,CROWLEY,,6/18/1951 18:00,CST,6/18/1951 18:00,0,0,0,0,.25K,0,,0,,,,,29.9,33,,,,,0,,,0,,,38.15,-103.97,38.18,-103.42,,,PUB
195106,25,1745,195106,25,1745,,9991335,COLORADO,8,1951,June,Tornado,C,115,SEDGWICK,,6/25/1951 17:45,CST,6/25/1951 17:45,1,0,0,0,0K,0,,0,,,,F1,20.2,33,,,,,0,,,0,,,40.85,-102.5,40.58,-102.33,,,PUB
195106,24,1400,195106,24,1400,,10117454,SOUTH CAROLINA,45,1951,June,Tornado,C,9,BAMBERG,,6/24/1951 14:00,CST,6/24/1951 14:00,0,0,0,0,25K,0,,0,,,,F1,0,33,,,,,0,,,0,,,33.32,-81.13,,,,,PUB
195106,26,1445,195106,26,1445,,10147654,WEST VIRGINIA,54,1951,June,Tornado,C,107,WOOD,,6/26/1951 14:45,CST,6/26/1951 14:45,1,0,0,0,0K,0,,0,,,,F1,0,250,,,,,0,,,0,,,39.13,-81.7,39.13,-81.7,,,PUB
195109,12,1130,195109,12,1130,,10146809,WISCONSIN,55,1951,September,Tornado,C,91,PEPIN,,9/12/1951 11:30,CST,9/12/1951 11:30,0,0,0,0,250K,0,,0,,,,F3,3.3,200,,,,,0,,,0,,,44.63,-92.08,44.68,-92.03,,,PUB
195109,12,1148,195109,12,1148,,10146810,WISCONSIN,55,1951,September,Tornado,C,33,DUNN,,9/12/1951 11:48,CST,9/12/1951 11:48,1,0,0,0,250K,0,,0,,,,F3,21.1,200,,,,,0,,,0,,,44.68,-92.03,44.92,-91.75,,,PUB
195109,26,1545,195109,26,1545,,10146811,WISCONSIN,55,1951,September,Tornado,C,97,PORTAGE,,9/26/1951 15:45,CST,9/26/1951 15:45,0,0,0,0,250K,0,,0,,,,F4,4.1,100,,,,,0,,,0,,,44.33,-89.3,44.37,-89.22,,,PUB
195109,26,1608,195109,26,1608,,10146812,WISCONSIN,55,1951,September,Tornado,C,135,WAUPACA,,9/26/1951 16:08,CST,9/26/1951 16:08,3,0,6,0,250K,0,,0,,,,F4,22.3,100,,,,,0,,,0,,,44.37,-89.22,44.47,-88.78,,,PUB
195109,26,1630,195109,26,1630,,10146813,WISCONSIN,55,1951,September,Tornado,C,21,COLUMBIA,,9/26/1951 16:30,CST,9/26/1951 16:30,9,0,1,0,250K,0,,0,,,,F4,9,100,,,,,0,,,0,,,43.47,-89.25,43.53,-89.08,,,PUB
195105,23,423,195105,23,423,,10001434,GEORGIA,13,1951,May,Tornado,C,179,LIBERTY,,5/23/1951 4:23,CST,5/23/1951 4:23,0,0,0,0,25K,0,,0,,,,F1,0.3,300,,,,,0,,,0,,,31.83,-81.5,,,,,PUB
195105,23,1530,195105,23,1530,,10001435,GEORGIA,13,1951,May,Tornado,C,71,COLQUITT,,5/23/1951 15:30,CST,5/23/1951 15:30,0,0,0,0,25K,0,,0,,,,F2,9.2,50,,,,,0,,,0,,,31.3,-83.83,31.27,-83.68,,,PUB
195111,16,655,195111,16,655,,10001436,GEORGIA,13,1951,November,Tornado,C,95,DOUGHERTY,,11/16/1951 6:55,CST,11/16/1951 6:55,0,0,0,0,2.5K,0,,0,,,,F1,0.5,100,,,,,0,,,0,,,31.53,-84.17,,,,,PUB
195103,2,1600,195103,2,1600,,10028680,KANSAS,20,1951,March,Tornado,C,141,OSBORNE,,3/2/1951 16:00,CST,3/2/1951 16:00,0,0,0,0,25K,0,,0,,,,,38.1,33,,,,,0,,,0,,,39.43,-98.55,39.6,-97.87,,,PUB
195103,2,2030,195103,2,2030,,10028681,KANSAS,20,1951,March,Tornado,C,13,BROWN,,3/2/1951 20:30,CST,3/2/1951 20:30,0,0,0,0,.25K,0,,0,,,,,0,33,,,,,0,,,0,,,39.83,-95.72,,,,,PUB
195106,19,2050,195106,19,2050,,10146807,WISCONSIN,55,1951,June,Tornado,C,27,DODGE,,6/19/1951 20:50,CST,6/19/1951 20:50,0,0,0,0,25K,0,,0,,,,F2,1,467,,,,,0,,,0,,,43.62,-88.5,,,,,PUB
195107,3,2000,195107,3,2000,,10146808,WISCONSIN,55,1951,July,Tornado,C,103,RICHLAND,,7/3/1951 20:00,CST,7/3/1951 20:00,0,0,0,0,25K,0,,0,,,,F2,0.5,50,,,,,0,,,0,,,43.48,-90.23,,,,,PUB
195104,20,1530,195104,20,1530,,10028682,KANSAS,20,1951,April,Tornado,C,129,MORTON,,4/20/1951 15:30,CST,4/20/1951 15:30,0,0,0,0,0K,0,,0,,,,F0,0,33,,,,,0,,,0,,,37.12,-101.77,,,,,PUB
195104,26,1810,195104,26,1810,,10028683,KANSAS,20,1951,April,Tornado,C,67,GRANT,,4/26/1951 18:10,CST,4/26/1951 18:10,0,0,0,0,2.5K,0,,0,,,,F0,29.2,33,,,,,0,,,0,,,37.47,-101.52,37.73,-101.1,,,PUB
195104,26,1815,195104,26,1815,,10028684,KANSAS,20,1951,April,Tornado,C,129,MORTON,,4/26/1951 18:15,CST,4/26/1951 18:15,0,0,0,0,2.5K,0,,0,,,,F1,0,33,,,,,0,,,0,,,37.17,-101.62,,,,,PUB
195104,26,1915,195104,26,1915,,10028685,KANSAS,20,1951,April,Tornado,C,175,SEWARD,,4/26/1951 19:15,CST,4/26/1951 19:15,0,0,0,0,0K,0,,0,,,,F0,1,33,,,,,0,,,0,,,37.07,-100.93,,,,,PUB
195104,26,1930,195104,26,1930,,10028686,KANSAS,20,1951,April,Tornado,C,129,MORTON,,4/26/1951 19:30,CST,4/26/1951 19:30,0,0,0,0,2.5K,0,,0,,,,F1,0,33,,,,,0,,,0,,,37.08,-101.77,,,,,PUB
195104,30,530,195104,30,530,,10028687,KANSAS,20,1951,April,Tornado,C,151,PRATT,,4/30/1951 5:30,CST,4/30/1951 5:30,0,0,0,0,250K,0,,0,,,,F3,12.8,440,,,,,0,,,0,,,37.63,-98.75,37.77,-98.58,,,PUB
195104,30,2345,195104,30,2345,,10028688,KANSAS,20,1951,April,Tornado,C,19,CHAUTAUQUA,,4/30/1951 23:45,CST,4/30/1951 23:45,0,0,0,0,2.5K,0,,0,,,,,0,33,,,,,0,,,0,,,37.1,-96.5,,,,,PUB
195105,2,1930,195105,2,1930,,10028689,KANSAS,20,1951,May,Tornado,C,177,SHAWNEE,,5/2/1951 19:30,CST,5/2/1951 19:30,0,0,0,0,.25K,0,,0,,,,F1,0,10,,,,,0,,,0,,,39.03,-95.8,,,,,PUB
195105,2,2030,195105,2,2030,,10028690,KANSAS,20,1951,May,Tornado,C,5,ATCHISON,,5/2/1951 20:30,CST,5/2/1951 20:30,0,0,0,0,.25K,0,,0,,,,F1,0,33,,,,,0,,,0,,,39.4,-95.4,,,,,PUB
195105,9,700,195105,9,700,,10028692,KANSAS,20,1951,May,Tornado,C,87,JEFFERSON,,5/9/1951 7:00,CST,5/9/1951 7:00,0,0,0,0,.25K,0,,0,,,,F1,2.3,33,,,,,0,,,0,,,39.3,-95.5,39.33,-95.47,,,PUB
195105,9,2100,195105,9,2100,,10028693,KANSAS,20,1951,May,Tornado,C,139,OSAGE,,5/9/1951 21:00,CST,5/9/1951 21:00,0,0,0,0,0K,0,,0,,,,F0,0,33,,,,,0,,,0,,,38.78,-95.55,,,,,PUB
195105,13,2200,195105,13,2200,,10028694,KANSAS,20,1951,May,Tornado,C,51,ELLIS,,5/13/1951 22:00,CST,5/13/1951 22:00,0,0,0,0,2.5K,0,,0,,,,F1,0,33,,,,,0,,,0,,,39.08,-99.5,,,,,PUB
195105,14,1730,195105,14,1730,,10028695,KANSAS,20,1951,May,Tornado,C,193,THOMAS,,5/14/1951 17:30,CST,5/14/1951 17:30,0,0,0,0,0K,0,,0,,,,F2,0,33,,,,,0,,,0,,,39.37,-101.37,,,,,PUB
195105,14,1830,195105,14,1830,,10028696,KANSAS,20,1951,May,Tornado,C,129,MORTON,,5/14/1951 18:30,CST,5/14/1951 18:30,0,0,0,0,0K,0,,0,,,,F2,0,33,,,,,0,,,0,,,37,-101.9,,,,,PUB
195105,14,1930,195105,14,1930,,10028697,KANSAS,20,1951,May,Tornado,C,153,RAWLINS,,5/14/1951 19:30,CST,5/14/1951 19:30,4,0,0,0,2.5K,0,,0,,,,F3,0,33,,,,,0,,,0,,,39.78,-101.33,,,,,PUB
195105,20,1900,195105,20,1900,,10028698,KANSAS,20,1951,May,Tornado,C,93,KEARNY,,5/20/1951 19:00,CST,5/20/1951 19:00,0,0,0,0,25K,0,,0,,,,F2,1,33,,,,,0,,,0,,,37.97,-101.25,,,,,PUB
195105,20,1900,195105,20,1900,,10028699,KANSAS,20,1951,May,Tornado,C,93,KEARNY,,5/20/1951 19:00,CST,5/20/1951 19:00,0,0,0,0,250K,0,,0,,,,F3,12.8,900,,,,,0,,,0,,,37.9,-101.2,38.02,-101.02,,,PUB
195105,20,1900,195105,20,1900,,10028700,KANSAS,20,1951,May,Tornado,C,153,RAWLINS,,5/20/1951 19:00,CST,5/20/1951 19:00,0,0,0,0,.25K,0,,0,,,,F3,0,33,,,,,0,,,0,,,39.78,-101.38,,,,,PUB
195105,21,100,195105,21,100,,10028701,KANSAS,20,1951,May,Tornado,C,61,GEARY,,5/21/1951 1:00,CST,5/21/1951 1:00,0,0,0,0,.25K,0,,0,,,,F2,0,33,,,,,0,,,0,,,39.03,-96.97,,,,,PUB
195105,21,1900,195105,21,1900,,10028702,KANSAS,20,1951,May,Tornado,C,187,STANTON,,5/21/1951 19:00,CST,5/21/1951 19:00,0,0,0,0,2.5K,0,,0,,,,F1,0,33,,,,,0,,,0,,,37.53,-101.75,,,,,PUB
195105,25,1430,195105,25,1430,,10028703,KANSAS,20,1951,May,Tornado,C,29,CLOUD,,5/25/1951 14:30,CST,5/25/1951 14:30,0,0,0,0,2.5K,0,,0,,,,F1,0,33,,,,,0,,,0,,,39.45,-97.5,,,,,PUB
195105,25,1600,195105,25,1600,,10028704,KANSAS,20,1951,May,Tornado,C,27,CLAY,,5/25/1951 16:00,CST,5/25/1951 16:00,0,0,1,0,250K,0,,0,,,,F3,4.1,440,,,,,0,,,0,,,39.27,-97.18,39.32,-97.13,,,PUB
195105,25,1800,195105,25,1800,,10028705,KANSAS,20,1951,May,Tornado,C,157,REPUBLIC,,5/25/1951 18:00,CST,5/25/1951 18:00,0,0,0,0,2.5K,0,,0,,,,F2,0,33,,,,,0,,,0,,,39.93,-97.43,,,,,PUB
195105,30,2000,195105,30,2000,,10028706,KANSAS,20,1951,May,Tornado,C,51,ELLIS,,5/30/1951 20:00,CST,5/30/1951 20:00,0,0,0,0,25K,0,,0,,,,F1,3,33,,,,,0,,,0,,,38.83,-99.27,38.87,-99.32,,,PUB
195105,30,2250,195105,30,2250,,10028707,KANSAS,20,1951,May,Tornado,C,27,CLAY,,5/30/1951 22:50,CST,5/30/1951 22:50,0,0,0,0,2.5K,0,,0,,,,,0,33,,,,,0,,,0,,,39.4,-97.18,,,,,PUB
195105,30,2250,195105,30,2250,,10028708,KANSAS,20,1951,May,Tornado,C,161,RILEY,,5/30/1951 22:50,CST,5/30/1951 22:50,0,0,0,0,2.5K,0,,0,,,,,0,33,,,,,0,,,0,,,39.25,-96.58,,,,,PUB
195105,30,2250,195105,30,2250,,10028709,KANSAS,20,1951,May,Tornado,C,149,POTTAWATOMIE,,5/30/1951 22:50,CST,5/30/1951 22:50,0,0,0,0,2.5K,0,,0,,,,,0,33,,,,,0,,,0,,,39.4,-96.03,,,,,PUB
195105,30,2250,195105,30,2250,,10028710,KANSAS,20,1951,May,Tornado,C,85,JACKSON,,5/30/1951 22:50,CST,5/30/1951 22:50,0,0,0,0,2.5K,0,,0,,,,,0,33,,,,,0,,,0,,,39.47,-95.73,,,,,PUB
195105,30,2250,195105,30,2250,,10028711,KANSAS,20,1951,May,Tornado,C,27,CLAY,,5/30/1951 22:50,CST,5/30/1951 22:50,0,0,0,0,2.5K,0,,0,,,,F0,0,33,,,,,0,,,0,,,39.28,-97.02,,,,,PUB
195105,30,2250,195105,30,2250,,10028712,KANSAS,20,1951,May,Tornado,C,27,CLAY,,5/30/1951 22:50,CST,5/30/1951 22:50,0,0,0,0,2.5K,0,,0,,,,F1,8.3,33,,,,,0,,,0,,,39.13,-97.05,39.22,-96.93,,,PUB
195105,30,2250,195105,30,2250,,10028713,KANSAS,20,1951,May,Tornado,C,149,POTTAWATOMIE,,5/30/1951 22:50,CST,5/30/1951 22:50,0,0,0,0,2.5K,0,,0,,,,F1,7.7,33,,,,,0,,,0,,,39.35,-96.45,39.4,-96.32,,,PUB
195111,14,2200,195111,14,2200,,10126029,TENNESSEE,47,1951,November,Tornado,C,55,GILES,,11/14/1951 22:00,CST,11/14/1951 22:00,0,0,0,0,25K,0,,0,,,,F2,0.2,7,,,,,0,,,0,,,35.22,-87.03,,,,,PUB
195101,6,1730,195101,6,1730,,10032651,LOUISIANA,22,1951,January,Tornado,C,79,RAPIDES,,1/6/1951 17:30,CST,1/6/1951 17:30,11,0,0,0,250K,0,,0,,,,F3,9.5,317,,,,,0,,,0,,,31.3,-92.47,31.43,-92.43,,,PUB
195104,21,1400,195104,21,1400,,10032655,LOUISIANA,22,1951,April,Tornado,C,59,LA SALLE,,4/21/1951 14:00,CST,4/21/1951 14:00,2,0,0,0,25K,0,,0,,,,F0,1,33,,,,,0,,,0,,,31.72,-92.25,,,,,PUB
195104,21,1400,195104,21,1400,,10032656,LOUISIANA,22,1951,April,Tornado,C,73,OUACHITA,,4/21/1951 14:00,CST,4/21/1951 14:00,1,0,0,0,25K,0,,0,,,,F0,1,33,,,,,0,,,0,,,32.33,-92.32,,,,,PUB
195108,22,1500,195108,22,1500,,10032657,LOUISIANA,22,1951,August,Tornado,C,19,CALCASIEU,,8/22/1951 15:00,CST,8/22/1951 15:00,0,0,0,0,25K,0,,0,,,,F1,0.5,33,,,,,0,,,0,,,30.25,-93.42,,,,,PUB
195109,2,1615,195109,2,1615,,10032658,LOUISIANA,22,1951,September,Tornado,C,127,WINN,,9/2/1951 16:15,CST,9/2/1951 16:15,0,0,0,0,25K,0,,0,,,,F1,0.5,100,,,,,0,,,0,,,31.92,-92.73,,,,,PUB
195109,27,1030,195109,27,1030,,10032659,LOUISIANA,22,1951,September,Tornado,C,51,JEFFERSON,,9/27/1951 10:30,CST,9/27/1951 10:30,0,0,0,0,25K,0,,0,,,,F2,1,20,,,,,0,,,0,,,29.87,-90.13,,,,,PUB
195111,1,700,195111,1,700,,10032660,LOUISIANA,22,1951,November,Tornado,C,71,ORLEANS,,11/1/1951 7:00,CST,11/1/1951 7:00,0,0,0,0,25K,0,,0,,,,F1,0.3,100,,,,,0,,,0,,,30.08,-89.8,,,,,PUB
195101,6,1740,195101,6,1740,,10032652,LOUISIANA,22,1951,January,Tornado,C,43,GRANT,,1/6/1951 17:40,CST,1/6/1951 17:40,0,0,0,0,250K,0,,0,,,,F3,7.3,317,,,,,0,,,0,,,31.43,-92.43,31.53,-92.4,,,PUB
195102,6,1550,195102,6,1550,,10032653,LOUISIANA,22,1951,February,Tornado,C,97,ST. LANDRY,,2/6/1951 15:50,CST,2/6/1951 15:50,0,0,0,0,25K,0,,0,,,,F1,0.5,33,,,,,0,,,0,,,30.5,-92,,,,,PUB
195102,6,1700,195102,6,1700,,10032654,LOUISIANA,22,1951,February,Tornado,C,105,TANGIPAHOA,,2/6/1951 17:00,CST,2/6/1951 17:00,0,0,0,0,25K,0,,0,,,,F1,4.9,33,,,,,0,,,0,,,30.48,-90.42,30.53,-90.37,,,PUB
195107,22,50,195107,22,50,,10025337,KANSAS,20,1951,July,Tornado,C,29,CLOUD,,7/22/1951 0:50,CST,7/22/1951 0:50,0,0,0,0,2.5K,0,,0,,,,,7.7,33,,,,,0,,,0,,,39.48,-97.58,39.4,-97.48,,,PUB
195108,6,1500,195108,6,1500,,10025338,KANSAS,20,1951,August,Tornado,C,57,FORD,,8/6/1951 15:00,CST,8/6/1951 15:00,0,0,0,0,.03K,0,,0,,,,,0,33,,,,,0,,,0,,,37.55,-99.63,,,,,PUB
195108,7,1700,195108,7,1700,,10025339,KANSAS,20,1951,August,Tornado,C,129,MORTON,,8/7/1951 17:00,CST,8/7/1951 17:00,0,0,0,0,2.5K,0,,0,,,,F1,0,33,,,,,0,,,0,,,37.05,-101.77,,,,,PUB
195108,7,2130,195108,7,2130,,10025340,KANSAS,20,1951,August,Tornado,C,195,TREGO,,8/7/1951 21:30,CST,8/7/1951 21:30,0,0,0,0,0K,0,,0,,,,,0,33,,,,,0,,,0,,,38.75,-99.83,,,,,PUB
195108,10,1830,195108,10,1830,,10025341,KANSAS,20,1951,August,Tornado,C,23,CHEYENNE,,8/10/1951 18:30,CST,8/10/1951 18:30,0,0,0,0,25K,0,,0,,,,,2.3,250,,,,,0,,,0,,,39.87,-101.67,39.87,-101.62,,,PUB
195108,13,230,195108,13,230,,10025342,KANSAS,20,1951,August,Tornado,C,113,MCPHERSON,,8/13/1951 2:30,CST,8/13/1951 2:30,0,0,0,0,25K,0,,0,,,,,0,33,,,,,0,,,0,,,38.23,-97.77,,,,,PUB
195108,13,230,195108,13,230,,10025343,KANSAS,20,1951,August,Tornado,C,113,MCPHERSON,,8/13/1951 2:30,CST,8/13/1951 2:30,0,0,0,0,25K,0,,0,,,,,0,33,,,,,0,,,0,,,38.23,-97.77,,,,,PUB
195108,23,2130,195108,23,2130,,10025344,KANSAS,20,1951,August,Tornado,C,165,RUSH,,8/23/1951 21:30,CST,8/23/1951 21:30,0,0,0,0,.25K,0,,0,,,,,0,33,,,,,0,,,0,,,38.58,-99.57,,,,,PUB
195108,24,730,195108,24,730,,10025345,KANSAS,20,1951,August,Tornado,C,59,FRANKLIN,,8/24/1951 7:30,CST,8/24/1951 7:30,0,0,0,0,2.5K,0,,0,,,,,0,33,,,,,0,,,0,,,38.67,-95.17,,,,,PUB
195108,24,1730,195108,24,1730,,10025346,KANSAS,20,1951,August,Tornado,C,153,RAWLINS,,8/24/1951 17:30,CST,8/24/1951 17:30,0,0,0,0,25K,0,,0,,,,F2,3.3,100,,,,,0,,,0,,,39.78,-100.92,39.8,-100.85,,,PUB
195108,31,1620,195108,31,1620,,10025347,KANSAS,20,1951,August,Tornado,C,169,SALINE,,8/31/1951 16:20,CST,8/31/1951 16:20,0,0,0,0,25K,0,,0,,,,,0,33,,,,,0,,,0,,,38.67,-97.67,,,,,PUB
195108,31,1620,195108,31,1620,,10025348,KANSAS,20,1951,August,Tornado,C,41,DICKINSON,,8/31/1951 16:20,CST,8/31/1951 16:20,0,0,0,0,25K,0,,0,,,,,0,33,,,,,0,,,0,,,38.67,-96.95,,,,,PUB
195109,23,2130,195109,23,2130,,10025349,KANSAS,20,1951,September,Tornado,C,165,RUSH,,9/23/1951 21:30,CST,9/23/1951 21:30,0,0,0,0,.25K,0,,0,,,,,0.8,100,,,,,0,,,0,,,38.62,-99.52,,,,,PUB
195107,7,1800,195107,7,1800,,10025336,KANSAS,20,1951,July,Tornado,C,163,ROOKS,,7/7/1951 18:00,CST,7/7/1951 18:00,0,0,0,0,2.5K,0,,0,,,,F2,0,33,,,,,0,,,0,,,39.25,-99.57,,,,,PUB
195102,1,1300,195102,1,1300,,10153059,VIRGINIA,51,1951,February,Tornado,C,11,APPOMATTOX,,2/1/1951 13:00,CST,2/1/1951 13:00,0,0,0,0,2.5K,0,,0,,,,F1,0.1,50,,,,,0,,,0,,,37.37,-78.78,,,,,PUB
195105,11,1500,195105,11,1500,,10153060,VIRGINIA,51,1951,May,Tornado,C,97,KING AND QUEEN,,5/11/1951 15:00,CST,5/11/1951 15:00,0,0,0,0,25K,0,,0,,,,F1,0,33,,,,,0,,,0,,,37.55,-76.73,,,,,PUB
195106,13,1505,195106,13,1505,,10153061,VIRGINIA,51,1951,June,Tornado,C,760,RICHMOND (C),,6/13/1951 15:05,CST,6/13/1951 15:05,12,0,0,0,250K,0,,0,,,,F2,4.1,350,,,,,0,,,0,,,37.55,-77.48,37.6,-77.43,,,PUB
195106,27,1500,195106,27,1500,,10153062,VIRGINIA,51,1951,June,Tornado,C,700,NEWPORT NEWS (C),,6/27/1951 15:00,CST,6/27/1951 15:00,0,0,0,0,2.5K,0,,0,,,,F1,0,33,,,,,0,,,0,,,37.12,-76.53,,,,,PUB
195111,1,640,195111,1,640,,10153063,VIRGINIA,51,1951,November,Tornado,C,199,YORK,,11/1/1951 6:40,CST,11/1/1951 6:40,0,0,0,0,2.5K,0,,0,,,,F1,0,230,,,,,0,,,0,,,37.22,-76.52,,,,,PUB
195106,27,1930,195106,27,1930,,10009721,ILLINOIS,17,1951,June,Tornado,C,107,LOGAN,,6/27/1951 19:30,CST,6/27/1951 19:30,35,0,0,0,2.5M,0,,0,,,,F3,9.6,300,,,,,0,,,0,,,39.95,-89.17,39.95,-88.98,,,PUB
195106,27,2045,195106,27,2045,,10009722,ILLINOIS,17,1951,June,Tornado,C,107,LOGAN,,6/27/1951 20:45,CST,6/27/1951 20:45,15,0,1,0,2.5M,0,,0,,,,F3,18.2,200,,,,,0,,,0,,,40.27,-89.47,40.27,-89.12,,,PUB
195111,13,1315,195111,13,1315,,10009723,ILLINOIS,17,1951,November,Tornado,C,125,MASON,,11/13/1951 13:15,CST,11/13/1951 13:15,0,0,0,0,25K,0,,0,,,,F2,47.4,50,,,,,0,,,0,,,40.2,-89.72,40.6,-88.98,,,PUB
195111,13,1450,195111,13,1450,,10009724,ILLINOIS,17,1951,November,Tornado,C,77,JACKSON,,11/13/1951 14:50,CST,11/13/1951 14:50,7,0,0,0,250K,0,,0,,,,F2,7.1,250,,,,,0,,,0,,,37.9,-89.53,37.97,-89.43,,,PUB
195112,6,1800,195112,6,1800,,10009725,ILLINOIS,17,1951,December,Tornado,C,11,BUREAU,,12/6/1951 18:00,CST,12/6/1951 18:00,1,0,1,0,250K,0,,0,,,,F3,21.9,150,,,,,0,,,0,,,41.33,-89.18,41.65,-89.12,,,PUB
